עמודת 'אימות אוטומטי' כבר מולאה מול נתוני הכנסת. אדום = לתקן. כתום = הח״כ נעדר.,,,,,,,,,,,
מזהה סוגיה,הסוגיה,ח״כ,הצבעה במשחק,הצבעה רשמית בכנסת,מקור הידיעה,אימות אוטומטי,הערה / ציטוט,תמיד מופיע,הערות הבודק,עמודה נוספת (נעה),לינק לתמונה ברישיון
r1,חוק הגיוס,בנימין נתניהו,בעד,—,מתועד בשמו,לא הצביע,קידם את המהלך וגייס את הקולות ברגע האחרון,כן,,,
r1,חוק הגיוס,יאיר לפיד,נגד,—,מתועד בשמו,לא הצביע,"""אחד מרגעי החרפה הבזויים ביותר של כנסת ישראל אי פעם""",לא,,,
r1,חוק הגיוס,טלי גוטליב,בעד,—,מתועד בשמו,לא הצביע,"איימה להתנגד — ואז הצביעה בעד, לדבריה בגלל מחאה שהתקיימה מול ביתה",לא,,,
r1,חוק הגיוס,אביגדור ליברמן,נגד,—,מתועד בשמו,לא הצביע,"""מעולם לא הבנתי למה ליהודי אסור להיות לוחם""",לא,,,
r1,חוק הגיוס,אריה דרעי,בעד,—,הוסק מהצבעת הסיעה,לא הצביע,"ש""ס הצביעה בעד כחלק מהקואליציה",לא,,,
g1,הפרדה מגדרית באקדמיה,לימור סון הר מלך,בעד,—,מתועד בשמו,ללא הצבעה בודדת,"יוזמת ההצעה: ""בג""ץ כפה תפיסת עולם פרוגרסיבית רדיקלית. החוק מחזיר את חופש הבחירה""",כן,,,
g1,הפרדה מגדרית באקדמיה,משה גפני,בעד,—,הוסק מהצבעת הסיעה,ללא הצבעה בודדת,המפלגות החרדיות מקדמות את ההרחבה,לא,,,
g1,הפרדה מגדרית באקדמיה,יאיר לפיד,נגד,—,הוסק מהצבעת הסיעה,ללא הצבעה בודדת,"האופוזיציה: ""הדרת נשים""",לא,,,
g1,הפרדה מגדרית באקדמיה,טלי גוטליב,בעד,—,מתועד בשמה,,הקואליציה תמכה,לא,,,
g1,הפרדה מגדרית באקדמיה,ווליד טאהא ,נגד,,מתועד בשמו,,,,,,
g2,נישואים אזרחיים,אריה דרעי,נגד,—,מתועד בשמו,ללא הצבעה בודדת,"ש""ס מתנגדת בתוקף",לא,,,
g2,נישואים אזרחיים,גלעד קריב,בעד,—,מתועד בשמו,ללא הצבעה בודדת,העבודה תומכת בהפרדת דת ממדינה בנישואין,לא,,,
g2,נישואים אזרחיים,בצלאל סמוטריץ',נגד,—,מתועד בשמו,ללא הצבעה בודדת,הציונות הדתית מתנגדת לנישואים אזרחיים,לא,,,
,נישואים אזרחיים,אמיר אוחנה,בעד,,,,כל חברי הליכוד הצביעו נגד פרט לאמיר אוחנה.,,,נעה הוסיפה,
,נישואים אזרחיים,חילי טרופר,בעד,,,,"""כחול לבן"" תומכת בהפרדת דת ממדינה בנישואין",,,,
a1,ועדת חקירה ל-7/10,צבי סוכות,בעד,—,,,,,,,
a1,ועדת חקירה ל-7/10,גלעד קריב,לא נכח.ה,—,מתועד בשמו,,,כן,,,
a1,ועדת חקירה ל-7/10,בנימין נתניהו,לא נכח.ה,—,מתועד בשמו,,נעדר מההצבעה — למרות שהחוק מקודם בעידודו,כן,,,
a1,ועדת חקירה ל-7/10,יאיר לפיד,לא נכח.ה,-,מתועד בשמו,,"""לא נהיה חלק ממצג שווא שכל מטרתו היא לטייח ולמונע את חקירת האסון הגדול ביותר שקרה לעם היהודי מאז השואה. ‏בחודש הראשון של הממשלה הבאה נקים ועדת חקירה ממלכתית לחקר הטבח"",",לא,,,
a1,ועדת חקירה ל-7/10,איתמר בן גביר,בעד,בעד,מתועד בשמו,,,לא,,,
a2,חסינות חברי כנסת,טלי גוטליב,בעד,—,מתועד בשמו,ללא הצבעה בודדת,יוזמת ההצעה,כן,,,
a2,חסינות חברי כנסת,יריב לוין,בעד,—,מתועד בשמו,ללא הצבעה בודדת,שר המשפטים בירך על אישור ההצעה,כן,,,
,חסינות חברי כנסת,זאב אלקין,נגד,,,,,,,נעה הוסיפה,
a2,חסינות חברי כנסת,אביגדור ליברמן,נגד,—,,ללא הצבעה בודדת,האופוזיציה התנגדה,לא,,,
,חסינות חברי כנסת,גדי איזנקוט,נגד,,,,,,,נעה הוסיפה,
s1,חוק המשטרה של בן-גביר,איתמר בן גביר,בעד,בעד,מתועד בשמו,תואם,"""הצעה היסטורית"" — החוק שהוא דרש כתנאי להצטרפות לממשלה",כן,,,
s1,חוק המשטרה של בן-גביר,בנימין נתניהו,בעד,בעד,הוסק מהצבעת הסיעה,תואם,הקואליציה המתגבשת העבירה את החוק לפני השבעת הממשלה,לא,,,
s1,חוק המשטרה של בן-גביר,אריה דרעי,בעד,בעד,הוסק מהצבעת הסיעה,תואם,הצביע עם הקואליציה,לא,,,
s1,חוק המשטרה של בן-גביר,גדי איזנקוט,נגד,נגד,,תואם,,לא,,,
s1,חוק המשטרה של בן-גביר,נעמה לזימי,נגד,נגד,הוסק מהצבעת הסיעה,תואם,האופוזיציה התנגדה,לא,,שיניתי ממרב מיכאלי לנעמה לזימי,
m2,מדינה פלסטינית: התנגדות עקרונית,פנינה תמנו,בעד,—,מתועד בשמו,ללא הצבעה בודדת,"יוזם ההצעה: ""תראו כאן הרבה כיסאות ריקים של מפלגות שיעדיפו להיעדר""",כן,,,
m2,מדינה פלסטינית: התנגדות עקרונית,ישראל כץ,בעד,—,,ללא הצבעה בודדת,,לא,,,
m2,מדינה פלסטינית: התנגדות עקרונית,בנימין נתניהו,לא נכח.ה,—,,ללא הצבעה בודדת,גם ראש הממשלה נעדר — ימים לפני נאומו בקונגרס,לא,,,
m2,מדינה פלסטינית: התנגדות עקרונית,גדעון סער,בעד,—,מתועד בשמו,ללא הצבעה בודדת,"""הקמת מדינה פלסטינית תסכן את ביטחון ישראל ועתידה""",לא,,,
m2,מדינה פלסטינית: התנגדות עקרונית,איימן עודה,נגד,—,,ללא הצבעה בודדת,"חד""ש-תע""ל בין 9 המתנגדים; הצעתם הנגדית להכרה במדינה פלסטינית נדחתה",לא,,,
,עלויות המלחמה - חוק התייעלות כלכלית,מירב כהן,נגד,,,,,,,נעה הוסיפה,
,עלויות המלחמה - חוק התייעלות כלכלית,טלי גוטליב,בעד,,,,,,,,
,עלויות המלחמה - חוק התייעלות כלכלית,משה גפני,בעד,,,,,,,,
,עלויות המלחמה - חוק התייעלות כלכלית,אביגדור ליברמן,נגד,,,,,,,,
,עלויות המלחמה - חוק התייעלות כלכלית,אריה דרעי,בעד,,,,,,,,
,יוקר המחיה - הגבלה על רשתות השיווק,יואב סגלוביץ,בעד,,,,,,,נעה הוסיפה,
,יוקר המחיה - הגבלה על רשתות השיווק, יצחק גולדקנופ ,נגד,,,,,,,,
,יוקר המחיה - הגבלה על רשתות השיווק,יריב לויו,נגד,,,,,,,,
,יוקר המחיה - הגבלה על רשתות השיווק,צבי סוכות,נגד,,,,,,,,
,יוקר המחיה - הגבלה על רשתות השיווק,גלעד קריב,בעד,,,,יוזם החוק,,,,
,ייעוץ משפטי - חוק היועץ המשפטי,יריב לוין,בעד,,,,,,,,
,ייעוץ משפטי - חוק היועץ המשפטי,מירב כהן,נגד,,,,,,,,
,ייעוץ משפטי - חוק היועץ המשפטי,ישראל כץ,בעד,,,,,,,,
,ייעוץ משפטי - חוק היועץ המשפטי,זאב אלקין,בעד,,,,,,,,
,ייעוץ משפטי - חוק היועץ המשפטי,קארין אלהרר,נגד,,,,,,,,
,אלימות במשפחה - חוק האיזוק האלקטורני,בנימין נתניהו,נגד,,,,,,,,
,אלימות במשפחה - חוק האיזוק האלקטורני,מירב בן ארי,בעד,,,,,,,,
,אלימות במשפחה - חוק האיזוק האלקטורני,אורית סטרוק,נגד,,,,,,,,
,אלימות במשפחה - חוק האיזוק האלקטורני,גדעון סער,בעד,,,,,,,,
,אלימות במשפחה - חוק האיזוק האלקטורני,מנסור עבאס,בעד,,,,,,,,
,פשיעה לאומנית - צמצום מעצרים מנהליים,גדעון סער,נגד,,,,,,,,
,פשיעה לאומנית - צמצום מעצרים מנהליים,בצלאל סמוטריץ',בעד,,,,,,,,
,פשיעה לאומנית - צמצום מעצרים מנהליים,ישראל כץ,בעד,,,,,,,,
,פשיעה לאומנית - צמצום מעצרים מנהליים,יואב סגלוביץ',נגד,,,,,,,,
,פשיעה לאומנית - צמצום מעצרים מנהליים,זאב אלקין,נגד,,,,,,,,